Folder,Image Count
c73827d5-f405-4cac-85ea-d25997743823,21
a817e518-81e0-4622-aa51-a1a207113775,19
7bddbaf6-5c6e-4357-9c9e-83a1e9acbeb0,18
e7c2796f-6329-4ae2-99cd-f9657b094d49,14
53268bc4-c0ce-4e7e-99a0-694dc0669269,12
5987fa3a-c09a-497e-b682-70322bce9484,12
0280a7f1-6025-46f8-8dc0-b66edf954ba5,11
1949c2a9-30ed-4d69-bd7b-987ef8fa0926,11
2ebb1855-071e-4dcf-97e8-adde4cd06347,11
720a2f4d-3245-4a1a-acc5-f277467d03b3,11
8164adb3-1299-4098-9982-78f9f72bfcdf,11
9266e0cd-db9d-4e00-9213-6e16ab11012c,11
a2b965ee-534e-457d-b426-e16a7abba4f5,11
b123604a-a1ed-4aa3-b59b-e0773935a47a,11
f4523036-5666-47f9-9eaa-72ae673043f1,11
0f6e4815-83db-418c-b38c-916a0790b378,10
32da2785-ed60-47d6-a9a6-ea3cca8d986e,10
4f8d32cf-f77d-47ae-9a9e-a7353ea28a81,10
5aa85d3c-28a4-4272-a8cc-58fa66eba1b5,10
713a328e-7315-424f-adb5-6961452c7533,10
74411ddd-8b16-447d-8f9e-4e4c4d296fc8,10
8e9e035c-c891-422b-9bec-ce44d515600e,10
bd572e43-c7f1-4b32-a4ac-aa200ac4b4de,10
bef2c8d3-7a1d-4f33-8a37-623366d74cc6,10
e005c86e-c08a-4511-9b30-1458cd77ea98,10
e01b7fef-b3cd-4d0a-b89c-e3587c128174,10
e2a647cf-0600-497d-9a89-4cfabb0c6bd9,10
e37e09d7-5d58-43e1-a1e9-d14ca8ffb17b,10
f08697f0-79cf-4032-b9b6-a9d70e346e8e,10
fb077da3-78d5-41af-b3cb-dd044422dc04,10
219f5f0e-538c-468d-8ec0-53c53afb720c,9
2ed9c101-a86a-4105-9b41-e42d3e678755,9
40677b81-78d6-4109-acf7-f876a95c2547,9
425d01a6-c675-406d-8671-57b75ded8b54,9
4e25df37-09ef-4bdb-a909-8e7070b39b2d,9
55a845aa-53ac-4bf5-8d39-b000de1c41ba,9
95d23b6b-1455-4a29-8378-8b6183405388,9
d116da03-5324-4821-8d49-7065e35a3d3d,9
01c96b1b-440c-405b-b1f5-52c0f8dc26d4,8
17746c42-0787-44b0-816f-b4e33822e9fa,8
5454014c-5f09-4833-b89f-97cb4be0741d,8
8e5f9d28-7f16-4993-b92e-6209f25e20ec,8
915ec281-6efb-419c-84b2-8f3af0138974,8
da926ea6-45c1-41de-bfdc-525d7743e05a,8
f29ae5d9-1939-45a1-8698-261b6ec9050f,8
149f73d9-f2cc-4094-9342-1ad4db7d424d,7
192d373d-48ee-43c5-bec6-a6e3d7a5e9e7,7
35e98506-c6dc-47c2-84ed-77009f8c69df,7
7277b2ef-2166-4044-8dc2-575a7a830873,7
8dc2d6e8-09fa-488b-b128-2e5c96e7301e,7
9f72eb46-af29-419c-bbba-f412af27136e,7
9ff60e66-d772-4fc8-889a-19e5c95cb88f,7
b694898c-94ef-4f70-b0ac-39ef02bccffd,7
b976ae4d-6ac8-4e06-9539-a8dccc2e62fb,7
e2d4be27-0128-45cf-8ea9-0e180d14e627,7
e6a90acd-0707-4355-a26f-9d29bbf2dbcc,7
e92f65e7-bc5e-40ba-9203-fed5415f8e79,7
0523e1f6-6935-41f4-ad14-40cce59a1fea,6
091cc12d-94b5-4e04-b28b-9eb43da1f2b9,6
68576ba0-4975-4ba7-bca3-a2be98337d5b,6
7e1ecb43-be11-42dd-8345-66bebd5dfe36,6
9f2dcabd-f890-4c1b-a301-9c7c8f55eaba,6
c8543974-f74e-45f1-b4cc-efee50f97d0e,6
cf5c9190-87c8-40e7-9b7f-5aff713afbbd,6
ed554db8-da31-4780-83e8-ffe4f42d9c12,6
efae3f50-a2a9-435a-a13c-e00d569bb109,6
fe2153dd-b5b2-4caf-8656-3809d9c78bff,6
05e40cc2-1d3e-4c15-8410-29dd7946f42a,5
48539002-8579-46ae-918a-f9b7f24023fd,5
4d689871-95da-4bc8-9eba-7330a07c371b,5
57ec3dd3-cd2b-4a8a-aaf1-0a48ede00a3d,5
5de35400-fea7-471a-a35c-b9b90fd9304f,5
5ec8e5e1-2290-42ef-a417-600ca4c48804,5
61e33cbc-1b92-4638-a7d3-2bf3fc6d7f40,5
693fbc01-c5b0-4ea1-b515-d6ea30158422,5
697d29e2-a348-4f38-8004-59e4715df5d9,5
710a07f2-0b20-492a-b4b0-9546ca6b302f,5
7f9de22d-55d7-472e-97e2-30de3ac82a3f,5
b8f4c32f-8ba3-4e10-bd42-949044b6e483,5
ba47e535-0fe4-403a-a8b9-38ccddd9bd35,5
bc08e783-bcb5-4b97-9097-0a8501d17eb9,5
bc39ae3f-3ed9-41f6-8c69-1edba14b38d5,5
c64af69d-140e-4a94-9a15-a8e261cda697,5
d9391cce-0b18-4ff6-a917-5cc557f1399b,5
04908a31-9f5b-4c91-a3ce-fe7ab4fdf468,4
07b5d212-28ab-4e30-9177-fec13b0293d5,4
089479d3-53fc-4a11-8cd6-c3d1c02a16b1,4
2eae7e73-01e9-49a8-a756-0c0f34ebaed7,4
38a48e85-2c2f-4e86-8d47-07e011fa8306,4
4ea614cd-205e-4662-82e1-1b5725bd8b3e,4
5b2cb6e5-e922-469f-ac34-fce1d49b3e2a,4
6bd21b45-fad3-472b-a9d5-056e4ce763e9,4
72a4d22d-71fb-473d-a69c-ae39d39bf8d7,4
76031797-5031-4acf-b192-cf91552d2820,4
78d42c74-2606-4e74-94d4-0486473caca2,4
82300c19-010f-4acc-b9e0-5cf76d773b9f,4
8fd4cc18-1c6a-41dc-8856-4d85193aa20b,4
ad810c80-f3c2-4426-b13c-de94f0f5937e,4
c8b9a4d9-00f0-4f47-90b0-c6b3dbd58ce9,4
cc891cde-dcc0-4437-922a-77943e938434,4
e338563e-a91a-4760-813d-24c7bc8bf840,4
ed9df374-9b00-4f09-b28c-1b99b5345f36,4
ef5ae3a8-e78e-4730-8447-533a9e390327,4
f4b54388-8714-4f1d-aded-6091ed27c5e6,4
f618fc69-424a-45e3-b7ca-d3c4de41a133,4
f771e399-dff8-4b2d-9be2-648f2dec6aa7,4
f8ccd27e-34a2-4db7-8225-d377be3f67c9,4
ff28e7da-fac5-494d-834d-0bb9ae86d87f,4
1883afaf-d101-45a4-90e9-3dff75e65845,3
1a9147ab-547a-4244-93ac-02f7c3780ec4,3
37c5f023-b36d-429c-a564-58c63d01caa4,3
5c1027ad-ef83-48bd-9147-854487cc9d3f,3
625d656d-1faf-44a9-b069-a96147d0affc,3
68204f01-28b9-4414-b26b-58377e114f00,3
6d51905e-b98c-4129-b664-4addb93f5206,3
72b7723b-c299-4695-9244-f54a63f13d2c,3
87b0b785-22de-468a-a043-0d9bd0ef2de8,3
8a3b8e08-9b14-494a-85a8-8386759f0c18,3
a00c86c9-e946-426b-88eb-3baed70d4234,3
a56eb780-d539-44b0-828e-abe49c22f4e2,3
be9bbec4-bf5a-497f-9956-c172e8212087,3
cd6a4afa-ccc8-4a49-aa04-4a860117466f,3
da353dde-cd05-42db-9948-5c338ec756ca,3
0e599306-7f49-4312-9227-5a781903c57a,2
17aeb914-ac11-4bd6-b644-de6b82f80b7e,2
2397d18d-811f-4582-8cf1-260db8f6dbd5,2
30f14e00-f4cb-46d9-b0a4-f3525485b379,2
3bdb14c4-a12c-45bc-85de-bcbdc1e7d50a,2
581f72e4-3908-48ac-91e9-644425b9f531,2
6df34d69-dc23-4013-99d1-b983c532b8f6,2
8a34d3d6-266a-4cf0-a5ef-ccec7d4bd14c,2
8d5adb2d-3cb6-4017-ad7c-df1b6397d8ca,2
8fbe8e1c-18f1-4008-8cc3-4d07844e7aee,2
b5a0b670-cb57-406e-9fbd-68e5e74c67db,2
b731cf83-2e83-4870-9142-bfadc8221292,2
ba9c56b4-e454-4c38-ac15-1b3aacb0c304,2
c9158300-e826-40db-a198-81779cd985cd,2
c9eda6e1-f6b3-4bcb-a924-b315e6162a02,2
cd5169e1-05e5-49df-8ed8-e2da8bae7d08,2
d41b14e4-b769-4ae3-9c73-099c37f05dff,2
edb5b144-f3c0-49fb-a78b-4d0752411c67,2
0320e5b7-03fc-4f1f-b82e-2db1cc6232cb,1
0b6c6b4d-226b-49d7-bb7e-33989a36f63f,1
0c055895-579d-402e-ba54-23446bf865bd,1
1714ab5c-5f02-4f9f-a730-9435dab73acb,1
19d0c058-31c4-457f-b42b-cf0cebf225f0,1
1db973d3-788b-49fc-a6eb-9ed1be45a664,1
21c15a32-7c8e-431b-8d51-54a8861586c2,1
243c2490-dd92-4a4d-8f44-a55c025941ff,1
2577064a-88c8-4e39-9573-fbb0a572f578,1
25801317-dff8-457b-b316-7a21ba58d6a5,1
29a9b65c-12a9-4f2e-9a6e-8b28fc9e5c27,1
3216eb84-4843-4274-a837-07aa6d17169d,1
32de0ba1-5d5b-42aa-b38d-e4345e951ee6,1
35b9afa0-9d0f-46ea-9152-63ffc5659fdc,1
381e570d-8c6e-4eb5-87ff-80a21e1209aa,1
384995dd-af80-49d1-a8fb-36f2720323ac,1
3c395402-e622-4da5-907d-de6c91916f10,1
4cb5439f-c970-46ff-a0fa-6739db121313,1
51e8fe2c-f237-4ab2-9610-e582012b00f8,1
589d0514-3bc2-4796-acfc-ca5c3e6ff43b,1
5be8a4f5-8d82-436a-8cfa-03257a47b859,1
5e7877fc-8ed1-4de5-ab91-34313514f0ca,1
5e988cfb-02e3-4594-a7af-924aacdb7cc3,1
6c350c70-cc56-4ced-881c-76df20ad85d7,1
7150330c-6440-4932-ba7d-55bbfc7c3b47,1
798dca01-2e31-4a0c-ad1b-d067af86c93a,1
7b7ace19-c55f-42c1-8a35-3f64c523a538,1
7bf7d4ca-ba40-4f8c-a65e-5e83485449cf,1
7f73e25c-6319-4c31-99a2-7aa033cb05ac,1
810ae7f6-6bbb-4838-8601-ef33b8d80b2e,1
81b301f0-8101-46fb-a752-3e6f02f7e3db,1
8277acd1-4d2c-4aee-86e5-4e24e41e6e4b,1
8438f01c-73ba-4aa8-8af6-90ba4f8e1b58,1
8ae4ea8b-159f-4862-ba12-846166ba17e0,1
90ad2b96-5dd1-44f4-a88f-403162b5f907,1
98e748ba-96dc-4b99-8481-82a8f8c850c0,1
9bec09bd-ed64-4918-960f-24119dd212ac,1
a2f76198-0a35-4def-88c8-4f24962b0f5b,1
aaae1ade-aa7d-4a5f-8841-45c1e1173300,1
aafb1f89-1d98-4683-8224-156191036a55,1
accb4e80-6a35-40ea-972d-dcb4cfc40675,1
b114f5e9-1f89-4365-bb77-d79cca3532a0,1
b43bca13-d2a4-4c5b-ba19-632770e64cff,1
b605d2f6-ebb9-4e76-9592-c3ff95e7286a,1
b63ad737-4eab-40c0-a8b6-fc4b176df30a,1
ba719774-c35e-4bc5-a2ee-79439dc5f840,1
c0debe28-13d3-44c5-8b44-dd0dcb7333cd,1
c703d5f1-82ff-40b9-a315-e52ddb46ef94,1
c8c4bc78-6bf8-4c2c-9b4d-1758d475e87e,1
c9cad7b8-493d-452c-b270-0250936fc042,1
d4e132e5-7524-40ac-a642-41beda32b98e,1
db5129e0-0a9d-44c7-873c-d5e094eac5d5,1
f8de63d0-7b50-4925-b084-64fea6cb39c8,1